{"cameraMode":{"drawMode":0,"name":"Shaded","section":"Shading Mode"},"sceneLighting":false,"audioPlay":false,"sceneViewState":{"m_AlwaysRefresh":false,"showFog":true,"showSkybox":true,"showFlares":true,"showImageEffects":true,"showParticleSystems":true,"showVisualEffectGraphs":true,"m_FxEnabled":true},"in2DMode":false,"pivot":{"x":-2.7658944129943849,"y":7.7290215492248539,"z":-3.0610902309417726},"rotation":{"x":0.3766994774341583,"y":-0.5572011470794678,"z":0.31299299001693728,"w":0.6705871224403381},"size":27.987308502197267,"orthographic":false}